N_p_cd,N_p_ev,L_w_cd,L_w_ev,eta_overall,T_ev,T_cd,epsilon_exp,r_p
29.82,14.39,1.614,0.7498,3.687,135.9,61.85,0.637,5.378
21.01,20.09,1.121,1.069,4.474,133.2,53.34,0.6367,5.153
46.73,14.8,2.561,0.7728,3.349,142.4,63.13,0.6026,6.627
33.46,20.32,1.818,1.082,3.878,139.9,51.34,0.5983,8.003
38.23,14.26,2.085,0.7426,3.427,141.4,59.61,0.6367,6.38
21.59,27.54,1.153,1.486,3.017,101.1,49.04,0.6992,3.158
23.79,33.54,1.276,1.822,2.404,94.42,45.69,0.6982,2.867
61.46,20.23,3.386,1.077,3.461,141.6,61.66,0.5894,7.399
inf,inf,inf,inf,inf,inf,inf,inf,inf
inf,inf,inf,inf,inf,inf,inf,inf,inf
inf,inf,inf,inf,inf,inf,inf,inf,inf
inf,inf,inf,inf,inf,inf,inf,inf,inf
inf,inf,inf,inf,inf,inf,inf,inf,inf
inf,inf,inf,inf,inf,inf,inf,inf,inf
inf,inf,inf,inf,inf,inf,inf,inf,inf
inf,inf,inf,inf,inf,inf,inf,inf,inf
inf,inf,inf,inf,inf,inf,inf,inf,inf
inf,inf,inf,inf,inf,inf,inf,inf,inf
inf,inf,inf,inf,inf,inf,inf,inf,inf
inf,inf,inf,inf,inf,inf,inf,inf,inf
,,,,,,,,
0,0,0,0,0,0,0,0,0
