function,type,signature,model_id,path
cpbar,PROCEDURE,"(m,n,f,T_p1,T_p2:c_bar_p,Q_4,x,e_min,e)",CSL-0006,models/components/boilers_burners/boiler_mean_specific_heat/boiler_mean_specific_heat.eescode
cpbar,PROCEDURE,"(m,n,f,T_p1,T_p2:c_bar_p,Q_4,x,e_min,e)",CSL-0034,models/cycles/engines/gas_engine_full_power_cpbar/gas_engine_full_power_cpbar.eescode
cpbar,PROCEDURE,"(m,n,f,T_p1,T_p2:c_bar_p,Q_4,x,e_min,e)",CSL-0005,models/fundamentals/combustion/cpbar_combustion_products/cpbar_combustion_products.eescode
gamma,FUNCTION,"(m,n,f,T_p1,T_p2)",CSL-0005,models/fundamentals/combustion/cpbar_combustion_products/cpbar_combustion_products.eescode
mmprod,FUNCTION,"(m,n,f)",CSL-0005,models/fundamentals/combustion/cpbar_combustion_products/cpbar_combustion_products.eescode
single_phase_HX,PROCEDURE,"(cf$,hf$,t_cf_su,t_cf_ex,P_cf_su,P_cf_ex,P_hf_su,P_hf_ex,t_hf_su,t_hf_ex,M_dot_hf,M_dot_cf,alpha,C_cf,C_hf,n_cf,n_hf:Q_dot,epsilon,NTU,AU)",CSL-0008,models/components/heat_exchangers/condenser_three_zones/condenser_three_zones.eescode
therminol66,PROCEDURE,"(T_oil66:rho_oil66,cp_oil66,k_oil66,nu_oil66)",CSL-0019,models/cycles/organic_rankine/orc_simple_r245fa/orc_simple_r245fa.eescode
two_phase_CD,PROCEDURE,"(cf$,R$,t_cf_su,t_cf_ex,t_cd,M_dot_r,M_dot_cf,alpha,C_cf,C_r,n_cf,n_r:Q_dot,epsilon,NTU,AU)",CSL-0008,models/components/heat_exchangers/condenser_three_zones/condenser_three_zones.eescode
weibe,PROCEDURE,"(theta, theta_s, theta_d : x_b, x_dot_b)",CSL-0024,models/cycles/engines/single_cylinder_engine_weibe/single_cylinder_engine_weibe.eescode
