T,T_hf,Q_dot
90.9,158.0778662,5824.321
121.8382175,162.5441966,1739.045605
121.8382175,163.8777688,1075.161523
121.8382175,164.7022471,1096.247557
121.8382175,165.5428951,1117.747129
121.8382175,166.4000299,1139.668351
121.8382175,167.2739748,1162.019491
121.8382175,168.1650594,1184.808981
121.8382175,169.07362,1208.045417
121.8382175,169.9999992,1208.045417
119.2440676,160.0225084,353.5490821
121.2372652,160.3481016,339.090951
121.8382175,160.6603798,286.4108628
121.8382175,160.9241434,225.7493949
121.8382175,161.1320423,177.3404622
121.8382175,161.29536,138.9440044
121.8382175,161.4233174,108.6345276
121.8382175,161.5233619,101.4947568
121.8382175,161.6168313,101.7338046
121.8382175,161.7105207,101.9734154
121.8382175,161.8044309,102.2135906
121.8382175,161.8985622,102.4543314
121.8382175,161.9929152,102.6956393
121.8382175,162.0874905,102.9375155
121.8382175,162.1822885,103.1799614
121.8382175,162.2773097,103.4229783
121.8382175,162.3725548,103.6665676
121.8382175,162.4680242,103.9107306
121.8382175,162.5637185,104.1554686
121.8382175,162.6596381,104.4007831
121.8382175,162.7557837,104.6466754
121.8382175,162.8521557,104.8931468
121.8382175,162.9487547,105.1401988
121.8382175,163.0455812,105.3878326
121.8382175,163.1426358,105.6360496
121.8382175,163.2399189,105.8848513
121.8382175,163.3374312,106.134239
121.8382175,163.4351732,106.384214
121.8382175,163.5331453,106.6347778
121.8382175,163.6313482,106.8859317
121.8382175,163.7297824,107.1376772
121.8382175,163.8284485,107.3900156
121.8382175,163.9273469,107.6429484
121.8382175,164.0264783,107.8964768
121.8382175,164.1258431,108.1506024
121.8382175,164.225442,108.4053265
121.8382175,164.3252755,108.6606506
121.8382175,164.425344,108.916576
121.8382175,164.5256483,109.1731042
121.8382175,164.6261889,109.4302366
121.8382175,164.7269662,109.6879747
121.8382175,164.8279809,109.9463197
121.8382175,164.9292335,110.2052732
121.8382175,165.0307245,110.4648367
121.8382175,165.1324547,110.7250115
121.8382175,165.2344244,110.985799
121.8382175,165.3366343,111.2472008
121.8382175,165.4390849,111.5092183
121.8382175,165.5417768,111.7718528
121.8382175,165.6447106,112.035106
121.8382175,165.7478868,112.2989792
121.8382175,165.851306,112.5634739
121.8382175,165.9549689,112.8285915
121.8382175,166.0588758,113.0943336
121.8382175,166.1630275,113.3607015
121.8382175,166.2674245,113.6276969
121.8382175,166.3720674,113.895321
121.8382175,166.4769568,114.1635755
121.8382175,166.5820931,114.4324619
121.8382175,166.6874772,114.7019815
121.8382175,166.7931094,114.9721359
121.8382175,166.8989904,115.2429266
121.8382175,167.0051208,115.5143551
121.8382175,167.1115011,115.7864228
121.8382175,167.2181321,116.0591314
121.8382175,167.3250141,116.3324822
121.8382175,167.4321479,116.6064769
121.8382175,167.539534,116.8811169
121.8382175,167.6471731,117.1564038
121.8382175,167.7550657,117.432339
121.8382175,167.8632123,117.7089242
121.8382175,167.9716137,117.9861608
121.8382175,168.0802704,118.2640503
121.8382175,168.1891831,118.5425944
121.8382175,168.2983522,118.8217945
121.8382175,168.4077785,119.1016521
121.8382175,168.5174625,119.382169
121.8382175,168.6274048,119.6633465
121.8382175,168.7376061,119.9451863
121.8382175,168.8480669,120.2276899
121.8382175,168.9587879,120.5108588
121.8382175,169.0697697,120.7946947
121.8382175,169.1810129,121.0791991
121.8382175,169.2925181,121.3643736
121.8382175,169.4042859,121.6502198
121.8382175,169.5163169,122.4157709
121.8382175,169.629053,128.1409668
121.8382175,169.7470615,134.1613937
121.8382175,169.8706145,140.4947888
121.8382175,170,140.4947888
,,
,,
,,
,,
,,
,,
,,
,,
,,
,,
