W_dot_sh,DELTAP_throttling
18189.2927,5000
17738.76861,6939
17288.24354,8878
16837.71849,10816
16387.19344,12755
15936.66839,14694
15486.14335,16633
15035.61833,18571
14585.09331,20510
14134.5683,22449
13684.04331,24388
13233.51833,26327
12782.99337,28265
12332.46842,30204
11881.9435,32143
11431.4186,34082
10980.89372,36020
10530.36888,37959
10079.84408,39898
9629.319321,41837
9178.794612,43776
8728.269962,45714
8277.745383,47653
7827.220887,49592
7376.696492,51531
6926.172218,53469
6475.648091,55408
6025.124144,57347
5574.60042,59286
5124.063932,61224
4673.538802,63163
4223.013672,65102
3772.488542,67041
3321.963411,68980
2871.438281,70918
2420.913151,72857
1970.388021,74796
1519.862891,76735
1069.337761,78673
618.8126306,80612
168.2875,82551
-282.2376312,84490
-732.7627639,86429
-1183.287901,88367
-1633.813054,90306
-2084.338275,92245
-2534.86389,94184
-2985.388409,96122
-3435.913735,98061
-3886.438669,100000
