Column1,Column2,Column3,Column4,Column5
-21.96,1056.0,3501.0,0.4211,1.453
9.186e-06,-0.3987,3.954,0.0007995,-0.03747
-1.136e-06,-0.003068,6.065e-05,-5.509e-08,0.0002842
1.798e-08,1.233e-05,-5.979e-06,-1.46e-08,-8.025e-07
-1.015,1.505,-24.19,-0.003694,0.0292
-3.391e-06,-0.008953,0.1031,-1.751e-05,-0.0001131
7.548e-08,6.378e-05,4.312e-05,6.656e-08,1.729e-06
8.493e-10,-1.152e-07,5.168e-06,2.017e-09,-5.073e-08
-0.01414,-0.001634,0.004613,2.095e-05,0.0001264
2.355e-07,0.0001541,-6.595e-05,2.078e-07,6.785e-09
2.159e-09,-1.874e-06,1.62e-05,-2.394e-09,-1.685e-08
-1.311e-10,-9.809e-09,-3.25e-07,-6.772e-11,-1.082e-09
-3.727e-05,-0.0002317,0.006028,3.663e-07,4.386e-06
6.091e-10,2.549e-06,5.642e-05,-5.272e-09,-2.191e-07
-1.465e-10,-5.523e-08,-7.777e-07,-1.126e-10,-9.117e-11
-1.398e-07,-8.51e-06,-7.977e-05,-6.389e-09,-9.223e-08
-2.269e-10,-3.848e-08,5.19e-07,-1.112e-10,-4.294e-09
-2.512e-08,-1.128e-07,-3.38e-06,-1.82e-10,-3.655e-09
-23.6,1042.0,3679.0,0.3806,2.274
-0.000297,-0.4907,1.571,0.0005765,-0.05342
1.871e-07,-0.002819,0.01331,-3.477e-07,0.0005372
1.59e-07,-5.895e-07,1.975e-07,-6.041e-09,-4.955e-06
-1.088,0.8081,-19.33,-0.003815,0.045
4.693e-05,-0.009652,0.1118,-1.423e-05,-0.0005488
-9.089e-07,7.168e-05,-0.001108,-1.203e-08,1.845e-06
-9.845e-10,2.404e-07,4.924e-06,-5.854e-10,1.192e-07
-0.02815,-0.007156,-0.04879,8.42e-06,-7.808e-05
1.613e-06,0.0001088,-0.0002338,1.081e-07,1.453e-06
5.066e-08,-3.328e-06,2.753e-05,1.959e-09,-2.816e-07
-1.251e-09,1.153e-07,-3.148e-07,1.271e-10,8.562e-09
-0.0005285,0.000119,0.004749,-1.11e-06,6.565e-06
-1.786e-07,-6.226e-06,-2.621e-05,-1.612e-09,-4.032e-07
2.051e-09,-3.026e-08,1.286e-06,3.005e-10,-1.212e-09
9.794e-06,-1.17e-05,-0.0002871,5.503e-09,6.441e-07
-5.668e-09,-2.915e-07,-9.05e-08,1.437e-10,-1.43e-08
4.27e-07,-6.033e-07,-1.068e-05,1.29e-09,1.092e-08
-28.42,954.4,3925.0,0.3545,2.214
9.753e-06,-0.6416,3.876,0.0004421,-0.0571
-1.236e-05,-0.002495,0.00023,-2.942e-07,0.0004679
6.378e-07,1.729e-05,1.322e-05,-1.115e-08,-1.374e-06
-0.8563,-1.729,-27.95,-0.004334,0.0008025
5.274e-05,-0.01824,0.1773,-2.021e-05,0.0002618
1.843e-06,0.0003116,4.769e-05,-4.865e-09,-8.472e-06
-1.428e-07,-6.425e-07,3.008e-06,2.972e-10,1.478e-07
0.00405,-0.02193,-0.0962,3.021e-05,-0.000733
-3.058e-06,0.0005847,-0.003908,4.239e-07,7.056e-06
-1.531e-07,-2.517e-06,1.951e-05,1.007e-09,2.473e-07
5.543e-09,-2.875e-08,3.366e-08,-7.325e-12,-1.329e-08
-0.0001179,0.0006217,0.00758,6.904e-07,4.285e-07
-9.416e-08,4.208e-06,2.283e-05,-3.203e-09,3.239e-07
4.676e-09,-3.46e-07,-9.149e-07,-1.439e-11,-1.234e-08
-1.992e-06,2.288e-06,-0.0001213,-1.512e-08,4.313e-08
5.409e-09,-4.141e-07,2.545e-06,-3.486e-10,8.582e-09
2.951e-07,-6.412e-07,2.235e-07,-1.012e-09,7.654e-09
-29.03,959.2,3787.0,0.4017,1.548
-0.0006352,-0.4154,2.599,0.0006268,-0.04187
6.98e-06,-0.002414,-0.001128,2.004e-07,0.0002657
6.072e-07,8.179e-06,7.089e-05,4.663e-08,-1.831e-06
-1.237,-1.307,-23.25,-0.003897,0.000751
1.642e-05,-0.01618,0.1823,-2.469e-05,0.0001718
5.963e-07,0.0001165,-0.0001854,4.831e-08,-5.091e-07
-3.149e-08,-1.234e-06,1.831e-05,-6.69e-10,-9.014e-08
-0.01318,-0.0171,0.07125,1.292e-05,-0.0004126
4.175e-06,0.0001804,0.001137,8.417e-07,-3.052e-06
-8.982e-08,-1.331e-07,8.856e-05,-8.036e-09,-4.946e-08
-9.18e-10,4.142e-08,-1.894e-06,-2.734e-10,4.482e-09
-8.161e-05,-0.0001412,0.0001995,-3.086e-07,4.679e-06
-7.024e-08,4.157e-06,0.0001754,-2.512e-08,1.484e-07
9.75e-11,7.795e-08,-5.306e-06,2.278e-10,-9.53e-10
-1.414e-06,1.192e-05,-0.0003196,3.034e-09,-2.455e-07
-4.866e-09,1.199e-08,-9.812e-06,-5.562e-10,1.915e-08
-5.328e-08,9.182e-08,-4.758e-06,4.46e-10,-2.372e-09
-21.38,1127.0,3211.0,0.4145,2.191
-0.0002444,-0.4447,6.014,0.0007262,-0.04289
3.632e-06,-0.0014,-0.001326,5.127e-07,0.0004082
5.741e-08,1.93e-05,0.0001286,-8.461e-09,-4.723e-06
-0.8642,2.759,-21.48,-0.00303,0.05512
2.169e-05,-0.008192,0.1291,-1.776e-05,-0.0004473
-3.779e-07,0.000149,2.542e-05,6.843e-08,4.772e-06
1.157e-09,-5.755e-08,-2.559e-06,1.317e-09,4.525e-08
-0.0154,-0.01341,0.09064,1.202e-05,0.0001183
1.725e-06,1.003e-05,-0.004195,2.484e-07,-2.661e-06
-7.435e-10,-4.063e-06,4.541e-06,9.114e-10,9.049e-08
-4.038e-10,4.613e-08,-5.808e-07,-1.729e-11,7.788e-09
-0.0004301,0.0001226,-0.003417,-5.136e-07,4.659e-06
-8.476e-08,3.235e-06,0.0001241,-2.727e-09,-6.555e-07
3.455e-10,-2.545e-07,-4.252e-07,-4.282e-11,4.048e-09
-1.378e-05,5.531e-05,-0.0001272,-2.006e-08,1.682e-06
-3.722e-09,-1.115e-08,7.831e-06,-3.081e-10,-2.797e-08
-1.875e-07,1.224e-06,2.625e-06,6.019e-11,4.123e-08
-30.57,939.9,4240.0,0.4418,0.952
-0.0001414,-0.3043,-1.679,0.001753,-0.03449
2.449e-06,-0.002693,0.01681,5.71e-07,0.0002861
3.74e-08,8.072e-06,2.898e-06,-1.917e-09,-2.255e-06
-2.715,-2.886,1.168,-0.004573,0.009597
-2.229e-05,-0.02814,0.03685,1.102e-06,-5.456e-06
-4.379e-07,0.0002623,0.001072,-1.749e-07,3.612e-06
6.155e-08,-4.941e-07,-4.204e-05,-2.836e-09,-7.025e-08
-0.1079,0.005131,0.02129,0.0001131,0.0001751
1.571e-05,-0.0001273,0.003609,-7.165e-07,1.688e-05
1.631e-07,-2.052e-05,-7.538e-05,-3.195e-09,-1.284e-07
-1.285e-08,3.845e-07,-1.73e-06,3.352e-10,4.655e-09
-0.004386,0.001574,-0.0008558,6.136e-06,-1.28e-05
-7.756e-08,5.527e-05,0.000137,1.029e-07,-1.217e-07
-3.555e-08,-2.289e-07,-9.65e-06,1.549e-09,-5.541e-08
0.0002768,0.0005629,0.0004583,-1.119e-06,2.954e-07
-1.975e-07,6.525e-06,-8.621e-06,1.056e-08,-2.17e-07
3.206e-05,2.825e-05,4.901e-05,-1.582e-07,3.166e-07
-15.68,1280.0,3008.0,0.5455,1.222
0.000206,-0.454,1.565,0.001629,-0.02823
-5.64e-06,-0.002752,-0.002776,1.773e-07,0.0002125
-6.561e-08,5.248e-05,4.242e-05,7.906e-09,-5.715e-07
-1.157,11.18,-32.91,-0.0011,0.04577
-1.398e-05,-0.0004651,0.007871,-2.182e-06,-0.0002322
-5.322e-07,7.013e-05,0.0003626,-2.358e-07,2.438e-06
2.323e-08,-1.974e-06,1.842e-05,-9.042e-10,-1.208e-07
-0.04603,0.009163,0.6281,-2.304e-05,0.0007762
-1.274e-06,0.0004144,0.001919,-2.244e-07,-1.477e-05
1.011e-07,1.759e-06,1.417e-05,1.281e-08,2.174e-07
-1.636e-09,7.37e-08,-2.517e-06,-1.298e-10,-5.302e-09
-0.0009071,-0.0005183,0.01198,-6.505e-07,6.944e-06
3.652e-08,-5.161e-05,8.158e-06,1.117e-08,4.662e-07
1.217e-09,3.456e-07,-6.241e-06,8.923e-10,2.624e-09
4.312e-05,0.0001101,-0.001027,5.789e-08,3.892e-07
1.571e-09,-1.652e-06,-9.209e-06,9.352e-10,1.933e-08
1.577e-06,3.241e-06,-4.063e-05,2.245e-09,1.149e-08
-23.88,1216.0,2940.0,0.5423,1.293
0.0002256,-0.3703,2.991,0.001455,-0.02799
-3.1e-06,-0.003431,-0.01335,3.436e-07,0.0001994
-8.525e-08,4.05e-05,1.808e-05,-2.934e-08,-1.548e-06
-2.158,10.25,-37.73,-0.001068,0.0517
-6.304e-05,-0.01716,-0.01591,-1.181e-05,0.0001623
1.17e-06,0.0003797,0.001381,-1.678e-07,5.934e-06
-9.079e-10,-2.133e-06,4.197e-06,4.407e-09,-1.066e-07
-0.103,-0.01559,0.9467,-3.676e-05,0.00097
-4.898e-06,-0.0003008,-0.00866,-6.941e-07,-2.344e-05
-5.161e-08,1.497e-05,0.0002843,1.032e-08,3.511e-07
2.914e-09,-1.062e-07,8.145e-07,2.433e-10,9.953e-09
-0.007262,0.001609,0.006369,-4.215e-06,1.344e-05
1.012e-06,3.185e-05,-0.0001969,6.028e-08,-3.604e-06
-6.249e-09,-3.868e-06,8.495e-06,1.223e-09,3.177e-08
-0.0004101,0.001165,-0.001997,4.362e-07,6.513e-07
6.819e-08,-2.937e-06,-3.355e-06,7.269e-09,-1.297e-07
-8.832e-06,6.015e-05,-0.0001423,4.104e-08,-1.24e-08
-14.3,1120.0,3381.0,0.5412,1.04
0.0003996,-0.2119,2.296,0.001749,-0.03494
-1.789e-05,-0.003251,-0.002678,9.893e-07,0.0002209
0.0,0.0,0.0,0.0,0.0
-1.88,9.281,-51.22,-0.002517,0.06105
9.842e-06,-0.01125,0.07385,-1.043e-08,8.266e-05
-1.506e-06,0.0001878,-2.043e-05,9.471e-08,-4.232e-06
0.0,0.0,0.0,0.0,0.0
-0.07412,0.007164,0.371,-4.859e-05,0.000313
-7.83e-06,-0.0006966,-0.01552,-4.932e-07,1.185e-05
3.937e-07,1.006e-05,0.0001504,-3.196e-08,-5.275e-08
0.0,0.0,0.0,0.0,0.0
1.866e-05,-0.005212,-0.07234,-4.771e-06,-9.447e-05
-4.194e-07,9.488e-05,0.001424,-6.611e-08,-3.069e-06
3.098e-08,6.481e-07,-9.528e-06,-5.892e-10,1.665e-08
0.000179,0.0003832,0.004349,5.374e-07,1.709e-05
4.594e-09,1.119e-05,8.803e-05,4.494e-11,-1.421e-07
7.885e-06,4.374e-05,0.0006,5.168e-08,1.484e-06
-8.45,1094.0,3619.0,0.5692,0.4951
-0.0001238,-0.3624,1.893,0.001677,-0.02743
3.543e-06,-0.001457,-0.0002804,-2.661e-06,0.0002397
0.0,0.0,0.0,0.0,0.0
-0.8559,6.958,-33.84,-0.0008528,0.02277
4.486e-06,-0.01599,0.06473,-1.519e-05,-9.952e-06
-2.517e-07,5.737e-05,-0.001467,3.244e-07,4.419e-06
0.0,0.0,0.0,0.0,0.0
-0.0211,0.02889,0.7992,-9.082e-06,0.0004907
7.36e-07,0.0003118,-0.01458,-4.241e-08,-9.974e-06
0.0,0.0,0.0,0.0,0.0
0.0,0.0,0.0,0.0,0.0
-0.0005851,0.006133,-0.01959,-3.147e-07,-2.524e-06
0.0,0.0,0.0,0.0,0.0
0.0,0.0,0.0,0.0,0.0
0.0,0.0,0.0,0.0,0.0
0.0,0.0,0.0,0.0,0.0
0.0,0.0,0.0,0.0,0.0
-24.67,1171.0,3156.0,0.4726,1.461
9.823e-05,-0.3831,2.082,0.001242,-0.03593
-7.529e-06,-0.002939,0.002113,-2.331e-07,0.0003422
1.44e-07,3.611e-05,-5.316e-05,2.107e-08,-2.781e-06
-1.656,5.89,-28.38,-0.002618,0.03918
-2.926e-05,-0.007692,0.06761,-1.746e-05,-0.0002731
-1.817e-08,8.527e-05,-0.0003109,6.353e-08,3.017e-06
1.8e-08,-7.156e-07,1.017e-05,-1.33e-09,-2.259e-08
-0.03309,0.0148,0.1481,2.898e-06,0.0002328
-1.53e-06,0.0001185,0.002543,-1.917e-07,-7.447e-06
6.262e-08,4.284e-06,2.126e-05,-3.026e-09,1.944e-07
-1.009e-09,-2.608e-07,3.56e-07,-1.349e-10,-1.459e-09
0.0003999,-0.0006529,0.001363,-2.019e-06,4.177e-06
1.733e-07,1.64e-05,-0.0002957,8.153e-09,-1.036e-08
-1.106e-09,-3.005e-07,1.61e-06,-7.684e-11,2.261e-09
-4.154e-05,-5.455e-05,-0.0004857,3.515e-08,1.669e-06
7.379e-09,8.785e-07,-1.973e-05,9.433e-10,-2.684e-09
-3.017e-06,-7.483e-07,-2.109e-05,5.136e-09,5.435e-08
