W,A,M,Vs
12441.12518,1720.009328,5.806512023,139.8549172
249.2705923,34.26789201,0.08441278257,2.697706984
-145.5663379,-33.24498044,-0.1041949259,-1.511130123
2.623993525,0.1840268652,0.0004788172535,0.02336790356
-1.37947801,-0.5759858934,-0.001523099279,-0.0122824907
1.017930936,0.3211879695,0.0009530729736,0.01347617145
0.007994917121,0.0006113027206,2.041294073e-06,8.378189521e-05
-0.01179087717,-0.00154336286,-4.796714355e-06,-5.555521469e-05
0.00301802132,0.002753660664,7.13057226e-06,6.09987627e-05
-0.003083171252,-0.0007957507815,-2.702367813e-06,-4.292117909e-05
