nr,p1,p2,p3
1,4.76,0.89,0.0015
2,6.35,0.76,0.0015
3,7.94,0.81,0.0015
4,9.53,0.81,0.0015
5,12.7,0.81,0.0015
6,15.88,0.89,0.0015
7,19.05,0.89,0.0015
8,22.23,1.02,0.0015
9,28.58,1.02,0.0015
10,34.93,1.02,0.0015
11,41.28,1.02,0.0015
12,53.98,1.22,0.0015
13,66.68,1.22,0.0015
14,79.37,2.28,0.0015
15,92.07,2.54,0.0015
16,21.3,2,0.05
17,26.9,2.3,0.05
18,33.7,2.6,0.05
19,38,2.6,0.05
20,42.4,2.6,0.05
21,48.3,2.6,0.05
22,60.3,2.9,0.05
23,70,2.9,0.05
24,76.1,2.9,0.05
25,88.9,3.2,0.05
26,101.6,3.6,0.05
27,108,3.6,0.05
28,114.3,3.6,0.05
29,133,4,0.05
30,139.7,4,0.05
31,159,4.5,0.05
32,168,4.5,0.05
33,193.7,5.6,0.05
34,219.1,6.3,0.05
35,244.5,6.3,0.05
36,273,6.3,0.05
37,323.9,7.1,0.05
38,355.6,8,0.05
39,406.4,8.8,0.05
40,457,10,0.05
41,508,11,0.05
42,0,0,0
43,0.026,0,0
44,0.039,0,0
45,4,0,0
