Row,D_equiv,DN_mm,K_90_elbow_reg,K_90_elbow_long,K_45_elbow,K_return_bend,K_Tee_line,K_Tee_branch,K_glove_valve,K_gate_valve,K_angle_valve,K_swing_check_valve,K_bell_mouth_inlet,K_square_inlet,K_projected_inlet
1,0.01,10,2.5,0,0.38,2.5,0.9,2.7,20,0.4,0,8,0.05,0.5,1
2,0.015,15,2.1,0,0.37,2.1,0.9,2.4,14,0.33,0,5.5,0.05,0.5,1
3,0.02,20,1.7,0.92,0.35,1.7,0.9,2.1,10,0.28,6.1,3.7,0.05,0.5,1
4,0.025,25,1.5,0.78,0.34,1.5,0.9,1.8,9,0.24,4.6,3,0.05,0.5,1
5,0.032,32,1.3,0.65,0.33,1.3,0.9,1.7,8.5,0.22,3.6,2.7,0.05,0.5,1
6,0.04,40,1.2,0.54,0.32,1.2,0.9,1.6,8,0.19,2.9,2.5,0.05,0.5,1
7,0.05,50,1.0,0.42,0.31,1.0,0.9,1.4,7,0.17,2.1,2.3,0.05,0.5,1
8,0.065,65,0.85,0.35,0.3,0.85,0.9,1.3,6.5,0.16,1.6,2.2,0.05,0.5,1
9,0.08,80,0.8,0.31,0.29,0.8,0.9,1.2,6,0.14,1.3,2.1,0.05,0.5,1
10,0.1,100,0.7,0.24,0.28,0.7,0.9,1.1,5.7,0.12,1.0,2.0,0.05,0.5,1
