T_cd,T_ev,Q_dot_ev,W_dot_el,M_dot_man
30,15,145597,11030,0.126944444
30,10,121030,12380,0.105833333
30,5,99375,13040,0.087222222
30,0,80347,13110,0.070833333
30,-5,63677,12700,0.056388889
30,-10,49112,11910,0.043805556
30,-15,36410,10840,0.032666667
40,15,136152,15890,0.123888889
40,10,112456,16430,0.102777778
40,5,91558,16330,0.083888889
40,0,73185,15740,0.0675
40,-5,57078,14810,0.052861111
40,-10,42994,13680,0.040055556
50,15,126510,21100,0.120277778
50,10,103644,20600,0.098888889
50,5,83396,19530,0.08
50,0,65499,18160,0.063055556
