Irrad,DT_C,eta_coll
500,55.55555556,0.628
500,69.44444444,0.615
500,83.33333333,0.606
500,97.22222222,0.593
500,111.1111111,0.58
500,125,0.566
500,138.8888889,0.551
500,152.7777778,0.535
500,166.6666667,0.519
500,180.5555556,0.499
500,194.4444444,0.482
500,208.3333333,0.461
500,222.2222222,0.44
500,236.1111111,0.419
500,250,0.398
500,263.8888889,0.375
500,277.7777778,0.351
600,55.55555556,0.633
600,69.44444444,0.622
600,83.33333333,0.613
600,97.22222222,0.604
600,111.1111111,0.594
600,125,0.582
600,138.8888889,0.57
600,152.7777778,0.558
600,166.6666667,0.544
600,180.5555556,0.527
600,194.4444444,0.513
600,208.3333333,0.497
600,222.2222222,0.482
600,236.1111111,0.462
600,250,0.444
600,263.8888889,0.426
600,277.7777778,0.406
700,55.55555556,0.637
700,69.44444444,0.628
700,83.33333333,0.62
700,97.22222222,0.611
700,111.1111111,0.603
700,125,0.593
700,138.8888889,0.584
700,152.7777778,0.573
700,166.6666667,0.562
700,180.5555556,0.548
700,194.4444444,0.536
700,208.3333333,0.522
700,222.2222222,0.509
700,236.1111111,0.493
700,250,0.478
700,263.8888889,0.46
700,277.7777778,0.444
800,55.55555556,0.642
800,69.44444444,0.634
800,83.33333333,0.627
800,97.22222222,0.621
800,111.1111111,0.612
800,125,0.603
800,138.8888889,0.594
800,152.7777778,0.584
800,166.6666667,0.575
800,180.5555556,0.564
800,194.4444444,0.554
800,208.3333333,0.543
800,222.2222222,0.531
800,236.1111111,0.516
800,250,0.504
800,263.8888889,0.49
800,277.7777778,0.473
900,55.55555556,0.646
900,69.44444444,0.64
900,83.33333333,0.634
900,97.22222222,0.628
900,111.1111111,0.621
900,125,0.612
900,138.8888889,0.603
900,152.7777778,0.596
900,166.6666667,0.589
900,180.5555556,0.578
900,194.4444444,0.568
900,208.3333333,0.557
900,222.2222222,0.547
900,236.1111111,0.536
900,250,0.524
900,263.8888889,0.509
900,277.7777778,0.496
1000,55.55555556,0.652
1000,69.44444444,0.645
1000,83.33333333,0.639
1000,97.22222222,0.635
1000,111.1111111,0.627
1000,125,0.62
1000,138.8888889,0.611
1000,152.7777778,0.605
1000,166.6666667,0.597
1000,180.5555556,0.588
1000,194.4444444,0.577
1000,208.3333333,0.567
1000,222.2222222,0.557
1000,236.1111111,0.547
1000,250,0.536
1000,263.8888889,0.523
1000,277.7777778,0.512
